,mean_values,std_values
sic,1.821660436470222,2.3073962071094343
sic_trend,0.019206701752473538,4.704140891810056
ts0/t2m,269.37233192772794,9.695613443658555
ts1/t2m,269.4120781519873,9.727819679305682
ts0/xwind,1.008612378680359,5.170900962660117
ts1/xwind,0.9580800493159948,5.022210528339376
ts0/ywind,-0.49358179338996466,5.359871018662845
ts1/ywind,-0.5002270708397869,5.244897911664347
lsmask,0,1
