,mean_values,std_values
sic,1.8248842872549058,2.309137684827064
sst,-3180.5587852971335,10111.01515020456
sic_trend,0.03714176801724667,4.616873116948418
ts0/t2m,269.5061192375737,9.68362532373198
ts1/t2m,269.5526366326375,9.70695627684212
ts0/xwind,1.0459528501946482,5.150294205902749
ts1/xwind,0.9908015343830404,4.991855103862003
ts0/ywind,-0.43957494657580365,5.329286732826378
ts1/ywind,-0.4604857349364908,5.232036795655577
lsmask,0,1
