,mean_values,std_values
sic,1.7541046700957457,2.259761729576474
sic_trend,0.12626618836996742,11.55072248262806
ts0/t2m,269.4140053255082,9.317617937877918
ts1/t2m,269.2765426493372,9.402783982300305
ts0/xwind,0.6593936331326491,5.392130418367147
ts1/xwind,0.8301985259791349,5.185301302575342
ts0/ywind,-0.5223141156977983,5.321827190432749
ts1/ywind,-0.6027071375995665,5.208139560350038
lsmask,0,1
