,mean_values,std_values
sic,1.7982552617281231,2.291573578404246
sst,-3162.769886274183,10087.929262799727
sic_trend,0.10838152230739825,6.508734992575535
ts0/t2m,269.48485962586386,9.568262721145521
ts1/t2m,269.474076205282,9.610333624442726
ts0/xwind,0.9315435014165441,5.2322924179057875
ts1/xwind,0.9419024695948014,5.056389739587991
ts0/ywind,-0.4543399071185115,5.329506519573455
ts1/ywind,-0.49450262940234974,5.225294950382304
lsmask,0,1
