,mean_values,std_values,min_values,max_values
sic,1.749646651771874,2.257715083722993,0.0,6.0
sic_trend,0.10431199609846578,4.710820788645425,-57.5559997558594,51.9999984741211
ts0/t2m,269.4264321288332,9.329459298238385,229.77288818359375,299.5114440917969
ts1/t2m,269.2956285534231,9.4110764726336,229.08241271972656,300.1283874511719
ts0/xwind,0.6921858124558078,5.383688810997526,-24.703567980544115,29.269157760966408
ts1/xwind,0.8500783486971731,5.181137246273479,-26.044419918121566,29.38615424177163
ts0/ywind,-0.5099349447368854,5.32979980754873,-31.77627321104554,23.93581438220384
ts1/ywind,-0.5786059500615114,5.210304174660561,-30.405862985316517,22.83518058695565
